"Identifier","CID","MolecularFormula","MolecularWeight","CanonicalSMILES","IsomericSMILES","InChI","InChIKey","IUPACName","ExactMass","MonoisotopicMass"
"(-)-N-Acetylneuraminic acid",68765363,"C11H21NO10",327.28,"CC(=O)NC1C(CC(OC1C(C(CO)O)O)(C(=O)O)O)O.O","CC(=O)N[C@@H]1[C@H](C[C@](O[C@H]1[C@@H]([C@@H](CO)O)O)(C(=O)O)O)O.O","InChI=1S/C11H19NO9.H2O/c1-4(14)12-7-5(15)2-11(20,10(18)19)21-9(7)8(17)6(16)3-13;/h5-9,13,15-17,20H,2-3H2,1H3,(H,12,14)(H,18,19);1H2/t5-,6+,7+,8+,9+,11-;/m0./s1","UWBNZJVMKXMVFR-BKSOAOGQSA-N","(2S,4S,5R,6R)-5-acetamido-2,4-dihydroxy-6-[(1R,2R)-1,2,3-trihydroxypropyl]oxane-2-carboxylic acid;hydrate",327.11654587,327.11654587
".alpha.-Ionone",5282108,"C13H20O",192.3,"CC1=CCCC(C1C=CC(=O)C)(C)C","CC1=CCCC(C1/C=C/C(=O)C)(C)C","InChI=1S/C13H20O/c1-10-6-5-9-13(3,4)12(10)8-7-11(2)14/h6-8,12H,5,9H2,1-4H3/b8-7+","UZFLPKAIBPNNCA-BQYQJAHWSA-N","(E)-4-(2,6,6-trimethylcyclohex-2-en-1-yl)but-3-en-2-one",192.151415257,192.151415257
".beta.-Nicotinamide adenine dinucleotide, reduced",11250888,"C21H29N7O14P2",665.4,"C1C=CN(C=C1C(=O)N)C2C(C(C(O2)COP(=O)(O)OP(=O)(O)OCC3C(C(C(O3)N4C=NC5=C(N=CN=C54)N)O)O)O)O","C1C=CN(C=C1C(=O)N)[C@@H]2[C@H]([C@H]([C@@H](O2)COP(=O)(O)OP(=O)(O)OC[C@@H]3[C@H]([C@H]([C@@H](O3)N4C=NC5=C(N=CN=C54)N)O)O)O)O","InChI=1S/C21H29N7O14P2/c22-17-12-19(25-7-24-17)28(8-26-12)21-16(32)14(30)11(41-21)6-39-44(36,37)42-43(34,35)38-5-10-13(29)15(31)20(40-10)27-3-1-2-9(4-27)18(23)33/h1,3-4,7-8,10-11,13-16,20-21,29-32H,2,5-6H2,(H2,23,33)(H,34,35)(H,36,37)(H2,22,24,25)/t10-,11+,13-,14+,15-,16+,20-,21+/m0/s1","BOPGDPNILDQYTO-DQQFMEOOSA-N","[[(2R,3S,4R,5R)-5-(6-aminopurin-9-yl)-3,4-dihydroxyoxolan-2-yl]methoxy-hydroxyphosphoryl] [(2S,3R,4S,5S)-5-(3-carbamoyl-4H-pyridin-1-yl)-3,4-dihydroxyoxolan-2-yl]methyl hydrogen phosphate",665.12477262,665.12477262
".delta.-Octalactone",12777,"C8H14O2",142.2,"CCCC1CCCC(=O)O1","CCCC1CCCC(=O)O1","InChI=1S/C8H14O2/c1-2-4-7-5-3-6-8(9)10-7/h7H,2-6H2,1H3","FYTRVXSHONWYNE-UHFFFAOYSA-N","6-propyloxan-2-one",142.099379685,142.099379685
".epsilon.-Caprolactam",7768,"C6H11NO",113.16,"C1CCC(=O)NCC1","C1CCC(=O)NCC1","InChI=1S/C6H11NO/c8-6-4-2-1-3-5-7-6/h1-5H2,(H,7,8)","JBKVHLHDHHXQEQ-UHFFFAOYSA-N","azepan-2-one",113.084063974,113.084063974
"[5-acetyloxy-3-(hydroxymethyl)-2-oxo-6-propan-2-ylcyclohex-3-en-1-yl] 3-methylpentanoate",44715773,"C18H28O6",340.4,"CCC(C)CC(=O)OC1C(C(C=C(C1=O)CO)OC(=O)C)C(C)C","CCC(C)CC(=O)OC1C(C(C=C(C1=O)CO)OC(=O)C)C(C)C","InChI=1S/C18H28O6/c1-6-11(4)7-15(21)24-18-16(10(2)3)14(23-12(5)20)8-13(9-19)17(18)22/h8,10-11,14,16,18-19H,6-7,9H2,1-5H3","MPXXSICHRNCHHK-UHFFFAOYSA-N","[5-acetyloxy-3-(hydroxymethyl)-2-oxo-6-propan-2-ylcyclohex-3-en-1-yl] 3-methylpentanoate",340.18858861,340.18858861
"1-(1',3'-Benzodioxol-5'-yl)-2-butanamine",129870,"C11H15NO2",193.24,"CCC(CC1=CC2=C(C=C1)OCO2)N","CCC(CC1=CC2=C(C=C1)OCO2)N","InChI=1S/C11H15NO2/c1-2-9(12)5-8-3-4-10-11(6-8)14-7-13-10/h3-4,6,9H,2,5,7,12H2,1H3","VHMRXGAIDDCGDU-UHFFFAOYSA-N","1-(1,3-benzodioxol-5-yl)butan-2-amine",193.110278721,193.110278721
"1-(1Z-Hexadecenyl)-sn-glycero-3-phosphocholine",10917802,"C24H50NO6P",479.6,"CCCCCCCCCCCCCCC=COCC(COP(=O)([O-])OCC[N+](C)(C)C)O","CCCCCCCCCCCCCC/C=C\OC[C@H](COP(=O)([O-])OCC[N+](C)(C)C)O","InChI=1S/C24H50NO6P/c1-5-6-7-8-9-10-11-12-13-14-15-16-17-18-20-29-22-24(26)23-31-32(27,28)30-21-19-25(2,3)4/h18,20,24,26H,5-17,19,21-23H2,1-4H3/b20-18-/t24-/m1/s1","HTZINLFNXLXRBC-CQLBIITFSA-N","[(2R)-3-[(Z)-hexadec-1-enoxy]-2-hydroxypropyl] 2-(trimethylazaniumyl)ethyl phosphate",479.33757531,479.33757531
"1,11-Undecanedicarboxylic acid",10458,"C13H24O4",244.33,"C(CCCCCC(=O)O)CCCCCC(=O)O","C(CCCCCC(=O)O)CCCCCC(=O)O","InChI=1S/C13H24O4/c14-12(15)10-8-6-4-2-1-3-5-7-9-11-13(16)17/h1-11H2,(H,14,15)(H,16,17)","DXNCZXXFRKPEPY-UHFFFAOYSA-N","tridecanedioic acid",244.16745924,244.16745924
"1,3-Cyclohexanedicarboxylic acid",107205,"C8H12O4",172.18,"C1CC(CC(C1)C(=O)O)C(=O)O","C1CC(CC(C1)C(=O)O)C(=O)O","InChI=1S/C8H12O4/c9-7(10)5-2-1-3-6(4-5)8(11)12/h5-6H,1-4H2,(H,9,10)(H,11,12)","XBZSBBLNHFMTEB-UHFFFAOYSA-N","cyclohexane-1,3-dicarboxylic acid",172.07355886,172.07355886
"1,4-Cyclohexanedicarboxylic acid",14106,"C8H12O4",172.18,"C1CC(CCC1C(=O)O)C(=O)O","C1CC(CCC1C(=O)O)C(=O)O","InChI=1S/C8H12O4/c9-7(10)5-1-2-6(4-3-5)8(11)12/h5-6H,1-4H2,(H,9,10)(H,11,12)","PXGZQGDTEZPERC-UHFFFAOYSA-N","cyclohexane-1,4-dicarboxylic acid",172.07355886,172.07355886
"1,5-Pentanediamine",273,"C5H14N2",102.18,"C(CCN)CCN","C(CCN)CCN","InChI=1S/C5H14N2/c6-4-2-1-3-5-7/h1-7H2","VHRGRCVQAFMJIZ-UHFFFAOYSA-N","pentane-1,5-diamine",102.115698455,102.115698455
"10-Hydroxy-2-decenoic acid",5312738,"C10H18O3",186.25,"C(CCCC=CC(=O)O)CCCO","C(CCC/C=C/C(=O)O)CCCO","InChI=1S/C10H18O3/c11-9-7-5-3-1-2-4-6-8-10(12)13/h6,8,11H,1-5,7,9H2,(H,12,13)/b8-6+","QHBZHVUGQROELI-SOFGYWHQSA-N","(E)-10-hydroxydec-2-enoic acid",186.125594432,186.125594432
"10-Methylundecanoic acid",75942,"C12H24O2",200.32,"CC(C)CCCCCCCCC(=O)O","CC(C)CCCCCCCCC(=O)O","InChI=1S/C12H24O2/c1-11(2)9-7-5-3-4-6-8-10-12(13)14/h11H,3-10H2,1-2H3,(H,13,14)","QJRRBVNPIKYRQJ-UHFFFAOYSA-N","10-methylundecanoic acid",200.177630004,200.177630004
"10-Undecynoic acid",31039,"C11H18O2",182.26,"C#CCCCCCCCCC(=O)O","C#CCCCCCCCCC(=O)O","InChI=1S/C11H18O2/c1-2-3-4-5-6-7-8-9-10-11(12)13/h1H,3-10H2,(H,12,13)","OAOUTNMJEFWJPO-UHFFFAOYSA-N","undec-10-ynoic acid",182.130679813,182.130679813
"1-Oleoyl-sn-glycero-3-phosphocholine",16081932,"C26H52NO7P",521.7,"CCCCCCCCC=CCCCCCCCC(=O)OCC(COP(=O)([O-])OCC[N+](C)(C)C)O","CCCCCCCC/C=C\CCCCCCCC(=O)OC[C@H](COP(=O)([O-])OCC[N+](C)(C)C)O","InChI=1S/C26H52NO7P/c1-5-6-7-8-9-10-11-12-13-14-15-16-17-18-19-20-26(29)32-23-25(28)24-34-35(30,31)33-22-21-27(2,3)4/h12-13,25,28H,5-11,14-24H2,1-4H3/b13-12-/t25-/m1/s1","YAMUFBLWGFFICM-PTGWMXDISA-N","[(2R)-2-hydroxy-3-[(Z)-octadec-9-enoyl]oxypropyl] 2-(trimethylazaniumyl)ethyl phosphate",521.34814,521.34814
"1-Oleoyl-sn-glycero-3-phosphoethanolamine",9547071,"C23H46NO7P",479.6,"CCCCCCCCC=CCCCCCCCC(=O)OCC(COP(=O)(O)OCCN)O","CCCCCCCC/C=C\CCCCCCCC(=O)OC[C@H](COP(=O)(O)OCCN)O","InChI=1S/C23H46NO7P/c1-2-3-4-5-6-7-8-9-10-11-12-13-14-15-16-17-23(26)29-20-22(25)21-31-32(27,28)30-19-18-24/h9-10,22,25H,2-8,11-21,24H2,1H3,(H,27,28)/b10-9-/t22-/m1/s1","PYVRVRFVLRNJLY-MZMPXXGTSA-N","[(2R)-3-[2-aminoethoxy(hydroxy)phosphoryl]oxy-2-hydroxypropyl] (Z)-octadec-9-enoate",479.3011898,479.3011898
"1-Palmitoyl-2-hydroxy-sn-glycero-3-phosphoethanolamine",9547069,"C21H44NO7P",453.5,"CCCCCCCCCCCCCCCC(=O)OCC(COP(=O)(O)OCCN)O","CCCCCCCCCCCCCCCC(=O)OC[C@H](COP(=O)(O)OCCN)O","InChI=1S/C21H44NO7P/c1-2-3-4-5-6-7-8-9-10-11-12-13-14-15-21(24)27-18-20(23)19-29-30(25,26)28-17-16-22/h20,23H,2-19,22H2,1H3,(H,25,26)/t20-/m1/s1","YVYMBNSKXOXSKW-HXUWFJFHSA-N","[(2R)-3-[2-aminoethoxy(hydroxy)phosphoryl]oxy-2-hydroxypropyl] hexadecanoate",453.28553974,453.28553974
"1-Palmitoyl-sn-glycero-3-phosphocholine",460602,"C24H50NO7P",495.6,"CCCCCCCCCCCCCCCC(=O)OCC(COP(=O)([O-])OCC[N+](C)(C)C)O","CCCCCCCCCCCCCCCC(=O)OC[C@H](COP(=O)([O-])OCC[N+](C)(C)C)O","InChI=1S/C24H50NO7P/c1-5-6-7-8-9-10-11-12-13-14-15-16-17-18-24(27)30-21-23(26)22-32-33(28,29)31-20-19-25(2,3)4/h23,26H,5-22H2,1-4H3/t23-/m1/s1","ASWBNKHCZGQVJV-HSZRJFAPSA-N","[(2R)-3-hexadecanoyloxy-2-hydroxypropyl] 2-(trimethylazaniumyl)ethyl phosphate",495.33248993,495.33248993
"1-Stearoyl-2-hydroxy-sn-glycero-3-phosphoethanolamine",46891690,"C23H48NO7P",481.6,"CCCCCCCCCCCCCCCCCC(=O)OCC(COP(=O)([O-])OCC[NH3+])O","CCCCCCCCCCCCCCCCCC(=O)OC[C@H](COP(=O)([O-])OCC[NH3+])O","InChI=1S/C23H48NO7P/c1-2-3-4-5-6-7-8-9-10-11-12-13-14-15-16-17-23(26)29-20-22(25)21-31-32(27,28)30-19-18-24/h22,25H,2-21,24H2,1H3,(H,27,28)/t22-/m1/s1","BBYWOYAFBUOUFP-JOCHJYFZSA-N","2-azaniumylethyl [(2R)-2-hydroxy-3-octadecanoyloxypropyl] phosphate",481.31683987,481.31683987
"2-(1-hydroxyethyl)-4-(2-hydroxypropyl)-2H-furan-5-one",24094117,"C9H14O4",186.2,"CC(CC1=CC(OC1=O)C(C)O)O","CC(CC1=CC(OC1=O)C(C)O)O","InChI=1S/C9H14O4/c1-5(10)3-7-4-8(6(2)11)13-9(7)12/h4-6,8,10-11H,3H2,1-2H3","JAAFNWYGLROOGI-UHFFFAOYSA-N","2-(1-hydroxyethyl)-4-(2-hydroxypropyl)-2H-furan-5-one",186.08920892,186.08920892
"3-Dehydrocarnitine",6991982,"C7H13NO3",159.18,"C[N+](C)(C)CC(=O)CC(=O)[O-]","C[N+](C)(C)CC(=O)CC(=O)[O-]","InChI=1S/C7H13NO3/c1-8(2,3)5-6(9)4-7(10)11/h4-5H2,1-3H3","YNOWULSFLVIUDH-UHFFFAOYSA-N","3-oxo-4-(trimethylazaniumyl)butanoate",159.08954328,159.08954328
"3-Hydroxybutyrylcarnitine",71464477,"C11H21NO5",247.29,"CC(CC(=O)OC(CC(=O)[O-])C[N+](C)(C)C)O","CC(CC(=O)OC(CC(=O)[O-])C[N+](C)(C)C)O","InChI=1S/C11H21NO5/c1-8(13)5-11(16)17-9(6-10(14)15)7-12(2,3)4/h8-9,13H,5-7H2,1-4H3","UEFRDQSMQXDWTO-UHFFFAOYSA-N","3-(3-hydroxybutanoyloxy)-4-(trimethylazaniumyl)butanoate",247.14197277,247.14197277
"4-HYDROXYBENZALDEHYDE",126,"C7H6O2",122.12,"C1=CC(=CC=C1C=O)O","C1=CC(=CC=C1C=O)O","InChI=1S/C7H6O2/c8-5-6-1-3-7(9)4-2-6/h1-5,9H","RGHHSNMVTDWUBI-UHFFFAOYSA-N","4-hydroxybenzaldehyde",122.03677943,122.03677943
"4-Hydroxy-L-isoleucine",2773624,"C6H13NO3",147.17,"CC(C(C)O)C(C(=O)O)N","C[C@H]([C@@H](C(=O)O)N)C(C)O","InChI=1S/C6H13NO3/c1-3(4(2)8)5(7)6(9)10/h3-5,8H,7H2,1-2H3,(H,9,10)/t3-,4?,5-/m0/s1","OSCCDBFHNMXNME-DSDZBIDZSA-N","(2S,3R)-2-amino-4-hydroxy-3-methylpentanoic acid",147.08954328,147.08954328
"4-Hydroxynonenal glutathione",53394097,"C19H33N3O8S",463.5,"CCCCCC(C(CC=O)SCC(C(=O)NCC(=O)O)NC(=O)CCC(C(=O)O)N)O","CCCCCC(C(CC=O)SCC(C(=O)NCC(=O)O)NC(=O)CCC(C(=O)O)N)O","InChI=1S/C19H33N3O8S/c1-2-3-4-5-14(24)15(8-9-23)31-11-13(18(28)21-10-17(26)27)22-16(25)7-6-12(20)19(29)30/h9,12-15,24H,2-8,10-11,20H2,1H3,(H,21,28)(H,22,25)(H,26,27)(H,29,30)","NOKRNJLENDLSKM-UHFFFAOYSA-N","2-amino-5-[[1-(carboxymethylamino)-3-(4-hydroxy-1-oxononan-3-yl)sulfanyl-1-oxopropan-2-yl]amino]-5-oxopentanoic acid",463.19883619,463.19883619
"4-Imidazoleacrylic acid",736715,"C6H6N2O2",138.12,"C1=C(NC=N1)C=CC(=O)O","C1=C(NC=N1)/C=C/C(=O)O","InChI=1S/C6H6N2O2/c9-6(10)2-1-5-3-7-4-8-5/h1-4H,(H,7,8)(H,9,10)/b2-1+","LOIYMIARKYCTBW-OWOJBTEDSA-N","(E)-3-(1H-imidazol-5-yl)prop-2-enoic acid",138.042927438,138.042927438
"4-Oxo-2-nonenal",6445537,"C9H14O2",154.21,"CCCCCC(=O)C=CC=O","CCCCCC(=O)/C=C/C=O","InChI=1S/C9H14O2/c1-2-3-4-6-9(11)7-5-8-10/h5,7-8H,2-4,6H2,1H3/b7-5+","SEPPVOUBHWNCAW-FNORWQNLSA-N","(E)-4-oxonon-2-enal",154.099379685,154.099379685
"5.alpha.-Androstan-3.beta.-ol",92877,"C19H32O",276.5,"CC12CCCC1C3CCC4CC(CCC4(C3CC2)C)O","C[C@@]12CCC[C@H]1[C@@H]3CC[C@H]4C[C@H](CC[C@@]4([C@H]3CC2)C)O","InChI=1S/C19H32O/c1-18-9-3-4-16(18)15-6-5-13-12-14(20)7-11-19(13,2)17(15)8-10-18/h13-17,20H,3-12H2,1-2H3/t13-,14-,15-,16-,17-,18-,19-/m0/s1","DJTOLSNIKJIDFF-LOVVWNRFSA-N","(3S,5S,8S,9S,10S,13S,14S)-10,13-dimethyl-2,3,4,5,6,7,8,9,11,12,14,15,16,17-tetradecahydro-1H-cyclopenta[a]phenanthren-3-ol",276.24531564,276.24531564
"5-Hydroxytryptophol",9061,"C10H11NO2",177.2,"C1=CC2=C(C=C1O)C(=CN2)CCO","C1=CC2=C(C=C1O)C(=CN2)CCO","InChI=1S/C10H11NO2/c12-4-3-7-6-11-10-2-1-8(13)5-9(7)10/h1-2,5-6,11-13H,3-4H2","KQROHCSYOGBQGJ-UHFFFAOYSA-N","3-(2-hydroxyethyl)-1H-indol-5-ol",177.078978594,177.078978594
"8S-Hydroxy-4Z,6E,10Z-hexadecatrienoic acid",5282970,"C16H26O3",266.38,"CCCCCC=CCC(C=CC=CCCC(=O)O)O","CCCCC/C=C\C[C@H](/C=C/C=C\CCC(=O)O)O","InChI=1S/C16H26O3/c1-2-3-4-5-6-9-12-15(17)13-10-7-8-11-14-16(18)19/h6-10,13,15,17H,2-5,11-12,14H2,1H3,(H,18,19)/b8-7-,9-6-,13-10+/t15-/m1/s1","KBOVKDIBOBQLRS-QCNAHCIUSA-N","(4Z,6E,8R,10Z)-8-hydroxyhexadeca-4,6,10-trienoic acid",266.18819469,266.18819469
"Adenosine 5'-diphosphate",6022,"C10H15N5O10P2",427.2,"C1=NC(=C2C(=N1)N(C=N2)C3C(C(C(O3)COP(=O)(O)OP(=O)(O)O)O)O)N","C1=NC(=C2C(=N1)N(C=N2)[C@H]3[C@@H]([C@@H]([C@H](O3)COP(=O)(O)OP(=O)(O)O)O)O)N","InChI=1S/C10H15N5O10P2/c11-8-5-9(13-2-12-8)15(3-14-5)10-7(17)6(16)4(24-10)1-23-27(21,22)25-26(18,19)20/h2-4,6-7,10,16-17H,1H2,(H,21,22)(H2,11,12,13)(H2,18,19,20)/t4-,6-,7-,10-/m1/s1","XTWYTFMLZFPYCI-KQYNXXCUSA-N","[(2R,3S,4R,5R)-5-(6-aminopurin-9-yl)-3,4-dihydroxyoxolan-2-yl]methyl phosphono hydrogen phosphate",427.02941569,427.02941569
"Adenosine 5'-monophosphate",6083,"C10H14N5O7P",347.22,"C1=NC(=C2C(=N1)N(C=N2)C3C(C(C(O3)COP(=O)(O)O)O)O)N","C1=NC(=C2C(=N1)N(C=N2)[C@H]3[C@@H]([C@@H]([C@H](O3)COP(=O)(O)O)O)O)N","InChI=1S/C10H14N5O7P/c11-8-5-9(13-2-12-8)15(3-14-5)10-7(17)6(16)4(22-10)1-21-23(18,19)20/h2-4,6-7,10,16-17H,1H2,(H2,11,12,13)(H2,18,19,20)/t4-,6-,7-,10-/m1/s1","UDMBCSSLTHHNCD-KQYNXXCUSA-N","[(2R,3S,4R,5R)-5-(6-aminopurin-9-yl)-3,4-dihydroxyoxolan-2-yl]methyl dihydrogen phosphate",347.0630848,347.0630848
"Adenosine 5'-triphosphate",5957,"C10H16N5O13P3",507.18,"C1=NC(=C2C(=N1)N(C=N2)C3C(C(C(O3)COP(=O)(O)OP(=O)(O)OP(=O)(O)O)O)O)N","C1=NC(=C2C(=N1)N(C=N2)[C@H]3[C@@H]([C@@H]([C@H](O3)COP(=O)(O)OP(=O)(O)OP(=O)(O)O)O)O)N","InChI=1S/C10H16N5O13P3/c11-8-5-9(13-2-12-8)15(3-14-5)10-7(17)6(16)4(26-10)1-25-30(21,22)28-31(23,24)27-29(18,19)20/h2-4,6-7,10,16-17H,1H2,(H,21,22)(H,23,24)(H2,11,12,13)(H2,18,19,20)/t4-,6-,7-,10-/m1/s1","ZKHQWZAMYRWXGA-KQYNXXCUSA-N","[[(2R,3S,4R,5R)-5-(6-aminopurin-9-yl)-3,4-dihydroxyoxolan-2-yl]methoxy-hydroxyphosphoryl] phosphono hydrogen phosphate",506.99574658,506.99574658
"Adipoyl-L-carnitine",154731578,"C13H23NO6",289.32,"[H+].C[N+](C)(C)CC(CC(=O)[O-])OC(=O)CCCCC(=O)[O-]","[H+].C[N+](C)(C)C[C@@H](CC(=O)[O-])OC(=O)CCCCC(=O)[O-]","InChI=1S/C13H23NO6/c1-14(2,3)9-10(8-12(17)18)20-13(19)7-5-4-6-11(15)16/h10H,4-9H2,1-3H3,(H-,15,16,17,18)/t10-/m1/s1","BSVHAXJKBCWVDA-SNVBAGLBSA-N","6-[(2R)-1-carboxylato-3-(trimethylazaniumyl)propan-2-yl]oxy-6-oxohexanoate;hydron",289.15253745,289.15253745
"Alantolactone",72724,"C15H20O2",232.32,"CC1CCCC2(C1=CC3C(C2)OC(=O)C3=C)C","C[C@H]1CCC[C@]2(C1=C[C@H]3[C@@H](C2)OC(=O)C3=C)C","InChI=1S/C15H20O2/c1-9-5-4-6-15(3)8-13-11(7-12(9)15)10(2)14(16)17-13/h7,9,11,13H,2,4-6,8H2,1,3H3/t9-,11+,13+,15+/m0/s1","PXOYOCNNSUAQNS-AGNJHWRGSA-N","(3aR,5S,8aR,9aR)-5,8a-dimethyl-3-methylidene-5,6,7,8,9,9a-hexahydro-3aH-benzo[f][1]benzofuran-2-one",232.146329876,232.146329876
"Aleuritic acid",222178,"C16H32O5",304.42,"C(CCCC(C(CCCCCCO)O)O)CCCC(=O)O","C(CCC[C@H]([C@H](CCCCCCO)O)O)CCCC(=O)O","InChI=1S/C16H32O5/c17-13-9-5-4-7-11-15(19)14(18)10-6-2-1-3-8-12-16(20)21/h14-15,17-19H,1-13H2,(H,20,21)/t14-,15+/m1/s1","MEHUJCGAYMDLEL-CABCVRRESA-N","(9R,10S)-9,10,16-trihydroxyhexadecanoic acid",304.22497412,304.22497412
"allo-Protolichesterinic acid",71443326,"C19H32O4",324.5,"CCCCCCCCCCCCCC1C(C(=C)C(=O)O1)C(=O)O","CCCCCCCCCCCCC[C@H]1[C@H](C(=C)C(=O)O1)C(=O)O","InChI=1S/C19H32O4/c1-3-4-5-6-7-8-9-10-11-12-13-14-16-17(18(20)21)15(2)19(22)23-16/h16-17H,2-14H2,1H3,(H,20,21)/t16-,17-/m0/s1","WZYZDHVPSZCEEP-IRXDYDNUSA-N","(2S,3S)-4-methylidene-5-oxo-2-tridecyloxolane-3-carboxylic acid",324.2300595,324.2300595
"ALPHA-AMINOADIPIC ACID",469,"C6H11NO4",161.16,"C(CC(C(=O)O)N)CC(=O)O","C(CC(C(=O)O)N)CC(=O)O","InChI=1S/C6H11NO4/c7-4(6(10)11)2-1-3-5(8)9/h4H,1-3,7H2,(H,8,9)(H,10,11)","OYIFNHCXNCRBQI-UHFFFAOYSA-N","2-aminohexanedioic acid",161.06880783,161.06880783
"AMINOADIPATE",92136,"C6H11NO4",161.16,"C(CC(C(=O)O)N)CC(=O)O","C(C[C@@H](C(=O)O)N)CC(=O)O","InChI=1S/C6H11NO4/c7-4(6(10)11)2-1-3-5(8)9/h4H,1-3,7H2,(H,8,9)(H,10,11)/t4-/m0/s1","OYIFNHCXNCRBQI-BYPYZUCNSA-N","(2S)-2-aminohexanedioic acid",161.06880783,161.06880783
"Androstane-3,17-diol, (3.beta.,5.alpha.,17.beta.)-",242332,"C19H32O2",292.5,"CC12CCC(CC1CCC3C2CCC4(C3CCC4O)C)O","C[C@]12CC[C@@H](C[C@@H]1CC[C@@H]3[C@@H]2CC[C@]4([C@H]3CC[C@@H]4O)C)O","InChI=1S/C19H32O2/c1-18-9-7-13(20)11-12(18)3-4-14-15-5-6-17(21)19(15,2)10-8-16(14)18/h12-17,20-21H,3-11H2,1-2H3/t12-,13-,14-,15-,16-,17-,18-,19-/m0/s1","CBMYJHIOYJEBSB-YSZCXEEOSA-N","(3S,5S,8R,9S,10S,13S,14S,17S)-10,13-dimethyl-2,3,4,5,6,7,8,9,11,12,14,15,16,17-tetradecahydro-1H-cyclopenta[a]phenanthrene-3,17-diol",292.240230259,292.240230259
"Asp-Ile",21845165,"C10H18N2O5",246.26,"CCC(C)C(C(=O)O)NC(=O)C(CC(=O)O)N","CCC(C)C(C(=O)O)NC(=O)C(CC(=O)O)N","InChI=1S/C10H18N2O5/c1-3-5(2)8(10(16)17)12-9(15)6(11)4-7(13)14/h5-6,8H,3-4,11H2,1-2H3,(H,12,15)(H,13,14)(H,16,17)","BSWHERGFUNMWGS-UHFFFAOYSA-N","2-[(2-amino-3-carboxypropanoyl)amino]-3-methylpentanoic acid",246.12157168,246.12157168
"Asp-Val",7009616,"C9H16N2O5",232.23,"CC(C)C(C(=O)O)NC(=O)C(CC(=O)O)N","CC(C)[C@@H](C(=O)O)NC(=O)[C@H](CC(=O)O)N","InChI=1S/C9H16N2O5/c1-4(2)7(9(15)16)11-8(14)5(10)3-6(12)13/h4-5,7H,3,10H2,1-2H3,(H,11,14)(H,12,13)(H,15,16)/t5-,7-/m0/s1","CPMKYMGGYUFOHS-FSPLSTOPSA-N","(2S)-2-[[(2S)-2-amino-3-carboxypropanoyl]amino]-3-methylbutanoic acid",232.10592162,232.10592162
"BETAINE",247,"C5H11NO2",117.15,"C[N+](C)(C)CC(=O)[O-]","C[N+](C)(C)CC(=O)[O-]","InChI=1S/C5H11NO2/c1-6(2,3)4-5(7)8/h4H2,1-3H3","KWIUHFFTVRNATP-UHFFFAOYSA-N","2-(trimethylazaniumyl)acetate",117.078978594,117.078978594
"Brefeldin A",5287620,"C16H24O4",280.36,"CC1CCCC=CC2CC(CC2C(C=CC(=O)O1)O)O","C[C@H]1CCC/C=C/[C@@H]2C[C@@H](C[C@H]2[C@@H](/C=C/C(=O)O1)O)O","InChI=1S/C16H24O4/c1-11-5-3-2-4-6-12-9-13(17)10-14(12)15(18)7-8-16(19)20-11/h4,6-8,11-15,17-18H,2-3,5,9-10H2,1H3/b6-4+,8-7+/t11-,12+,13-,14+,15+/m0/s1","KQNZDYYTLMIZCT-KQPMLPITSA-N","(1R,2R,3E,7S,11E,13S,15S)-2,15-dihydroxy-7-methyl-6-oxabicyclo[11.3.0]hexadeca-3,11-dien-5-one",280.16745924,280.16745924
"Cedrol",65575,"C15H26O",222.37,"CC1CCC2C13CCC(C(C3)C2(C)C)(C)O","C[C@@H]1CC[C@@H]2[C@]13CC[C@@]([C@H](C3)C2(C)C)(C)O","InChI=1S/C15H26O/c1-10-5-6-11-13(2,3)12-9-15(10,11)8-7-14(12,4)16/h10-12,16H,5-9H2,1-4H3/t10-,11+,12-,14-,15+/m1/s1","SVURIXNDRWRAFU-OGMFBOKVSA-N","(1S,2R,5S,7R,8R)-2,6,6,8-tetramethyltricyclo[5.3.1.01,5]undecan-8-ol",222.198365449,222.198365449
"Chamissonolide",10019140,"C17H24O6",324.4,"CC1CC2C(C(C3(C1C(CC3O)OC(=O)C)C)O)C(=C)C(=O)O2","C[C@@H]1C[C@@H]2[C@H]([C@@H]([C@]3([C@H]1[C@H](C[C@H]3O)OC(=O)C)C)O)C(=C)C(=O)O2","InChI=1S/C17H24O6/c1-7-5-10-13(8(2)16(21)23-10)15(20)17(4)12(19)6-11(14(7)17)22-9(3)18/h7,10-15,19-20H,2,5-6H2,1,3-4H3/t7-,10-,11+,12-,13-,14-,15+,17-/m1/s1","TVXMVPIXPQJTJQ-ZBUGIYPBSA-N","[(3aR,5R,5aS,6S,8R,8aS,9S,9aS)-8,9-dihydroxy-5,8a-dimethyl-1-methylidene-2-oxo-4,5,5a,6,7,8,9,9a-octahydro-3aH-azuleno[6,5-b]furan-6-yl] acetate",324.15728848,324.15728848
"cis-Jasmone",1549018,"C11H16O",164.24,"CCC=CCC1=C(CCC1=O)C","CC/C=C\CC1=C(CCC1=O)C","InChI=1S/C11H16O/c1-3-4-5-6-10-9(2)7-8-11(10)12/h4-5H,3,6-8H2,1-2H3/b5-4-","XMLSXPIVAXONDL-PLNGDYQASA-N","3-methyl-2-[(Z)-pent-2-enyl]cyclopent-2-en-1-one",164.12011513,164.12011513
"Citric acid",311,"C6H8O7",192.12,"C(C(=O)O)C(CC(=O)O)(C(=O)O)O","C(C(=O)O)C(CC(=O)O)(C(=O)O)O","InChI=1S/C6H8O7/c7-3(8)1-6(13,5(11)12)2-4(9)10/h13H,1-2H2,(H,7,8)(H,9,10)(H,11,12)","KRKNYBCHXYNGOX-UHFFFAOYSA-N","2-hydroxypropane-1,2,3-tricarboxylic acid",192.02700259,192.02700259
"CITRIC ACID",311,"C6H8O7",192.12,"C(C(=O)O)C(CC(=O)O)(C(=O)O)O","C(C(=O)O)C(CC(=O)O)(C(=O)O)O","InChI=1S/C6H8O7/c7-3(8)1-6(13,5(11)12)2-4(9)10/h13H,1-2H2,(H,7,8)(H,9,10)(H,11,12)","KRKNYBCHXYNGOX-UHFFFAOYSA-N","2-hydroxypropane-1,2,3-tricarboxylic acid",192.02700259,192.02700259
"cordycepin",6303,"C10H13N5O3",251.24,"C1C(OC(C1O)N2C=NC3=C(N=CN=C32)N)CO","C1[C@H](O[C@H]([C@@H]1O)N2C=NC3=C(N=CN=C32)N)CO","InChI=1S/C10H13N5O3/c11-8-7-9(13-3-12-8)15(4-14-7)10-6(17)1-5(2-16)18-10/h3-6,10,16-17H,1-2H2,(H2,11,12,13)/t5-,6+,10+/m0/s1","OFEZSBMBBKLLBJ-BAJZRUMYSA-N","(2R,3R,5S)-2-(6-aminopurin-9-yl)-5-(hydroxymethyl)oxolan-3-ol",251.10183929,251.10183929
"Creatine",586,"C4H9N3O2",131.13,"CN(CC(=O)O)C(=N)N","CN(CC(=O)O)C(=N)N","InChI=1S/C4H9N3O2/c1-7(4(5)6)2-3(8)9/h2H2,1H3,(H3,5,6)(H,8,9)","CVSVTCORWBXHQV-UHFFFAOYSA-N","2-[carbamimidoyl(methyl)amino]acetic acid",131.069476538,131.069476538
"Cyclic adenosine diphosphate ribose",123847,"C15H21N5O13P2",541.3,"C1C2C(C(C(O2)N3C=NC4=C3N=CN(C4=N)C5C(C(C(O5)COP(=O)(OP(=O)(O1)O)O)O)O)O)O","C1[C@@H]2[C@H]([C@H]([C@@H](O2)N3C=NC4=C3N=CN(C4=N)[C@H]5[C@@H]([C@@H]([C@H](O5)COP(=O)(OP(=O)(O1)O)O)O)O)O)O","InChI=1S/C15H21N5O13P2/c16-12-7-13-18-4-19(12)14-10(23)8(21)5(31-14)1-29-34(25,26)33-35(27,28)30-2-6-9(22)11(24)15(32-6)20(13)3-17-7/h3-6,8-11,14-16,21-24H,1-2H2,(H,25,26)(H,27,28)/t5-,6-,8-,9-,10-,11-,14-,15-/m1/s1","BQOHYSXSASDCEA-KEOHHSTQSA-N","(2R,3R,4S,5R,13R,14S,15R,16R)-8,10-dihydroxy-24-imino-8,10-dioxo-7,9,11,25,26-pentaoxa-1,17,19,22-tetraza-8lambda5,10lambda5-diphosphapentacyclo[18.3.1.12,5.113,16.017,21]hexacosa-18,20,22-triene-3,4,14,15-tetrol",541.06110974,541.06110974
"CYCLOSERINE",6234,"C3H6N2O2",102.09,"C1C(C(=O)NO1)N","C1[C@H](C(=O)NO1)N","InChI=1S/C3H6N2O2/c4-2-1-7-5-3(2)6/h2H,1,4H2,(H,5,6)/t2-/m1/s1","DYDCUQKUCUHJBH-UWTATZPHSA-N","(4R)-4-amino-1,2-oxazolidin-3-one",102.042927438,102.042927438
"CYS-GLY",439498,"C5H10N2O3S",178.21,"C(C(C(=O)NCC(=O)O)N)S","C([C@@H](C(=O)NCC(=O)O)N)S","InChI=1S/C5H10N2O3S/c6-3(2-11)5(10)7-1-4(8)9/h3,11H,1-2,6H2,(H,7,10)(H,8,9)/t3-/m0/s1","ZUKPVRWZDMRIEO-VKHMYHEASA-N","2-[[(2R)-2-amino-3-sulfanylpropanoyl]amino]acetic acid",178.04121336,178.04121336
"Cytidine 5'-monophosphate",6131,"C9H14N3O8P",323.2,"C1=CN(C(=O)N=C1N)C2C(C(C(O2)COP(=O)(O)O)O)O","C1=CN(C(=O)N=C1N)[C@H]2[C@@H]([C@@H]([C@H](O2)COP(=O)(O)O)O)O","InChI=1S/C9H14N3O8P/c10-5-1-2-12(9(15)11-5)8-7(14)6(13)4(20-8)3-19-21(16,17)18/h1-2,4,6-8,13-14H,3H2,(H2,10,11,15)(H2,16,17,18)/t4-,6-,7-,8-/m1/s1","IERHLVCPSMICTF-XVFCMESISA-N","[(2R,3S,4R,5R)-5-(4-amino-2-oxopyrimidin-1-yl)-3,4-dihydroxyoxolan-2-yl]methyl dihydrogen phosphate",323.05185141,323.05185141
"delta-Tridecalactone",110977,"C13H24O2",212.33,"CCCCCCCCC1CCCC(=O)O1","CCCCCCCCC1CCCC(=O)O1","InChI=1S/C13H24O2/c1-2-3-4-5-6-7-9-12-10-8-11-13(14)15-12/h12H,2-11H2,1H3","RZZLMGATMUAJPX-UHFFFAOYSA-N","6-octyloxan-2-one",212.177630004,212.177630004
"Di(2-nonyl) phthalate",15651773,"C26H42O4",418.6,"CCCCCCCC(C)OC(=O)C1=CC=CC=C1C(=O)OC(C)CCCCCCC","CCCCCCCC(C)OC(=O)C1=CC=CC=C1C(=O)OC(C)CCCCCCC","InChI=1S/C26H42O4/c1-5-7-9-11-13-17-21(3)29-25(27)23-19-15-16-20-24(23)26(28)30-22(4)18-14-12-10-8-6-2/h15-16,19-22H,5-14,17-18H2,1-4H3","MZHUXOCCLPGHKA-UHFFFAOYSA-N","dinonan-2-yl benzene-1,2-dicarboxylate",418.30830982,418.30830982
"Dibutyl sebacate",7986,"C18H34O4",314.5,"CCCCOC(=O)CCCCCCCCC(=O)OCCCC","CCCCOC(=O)CCCCCCCCC(=O)OCCCC","InChI=1S/C18H34O4/c1-3-5-15-21-17(19)13-11-9-7-8-10-12-14-18(20)22-16-6-4-2/h3-16H2,1-2H3","PYGXAGIECVVIOZ-UHFFFAOYSA-N","dibutyl decanedioate",314.24570956,314.24570956
"Diclofenac",3033,"C14H11Cl2NO2",296.1,"C1=CC=C(C(=C1)CC(=O)O)NC2=C(C=CC=C2Cl)Cl","C1=CC=C(C(=C1)CC(=O)O)NC2=C(C=CC=C2Cl)Cl","InChI=1S/C14H11Cl2NO2/c15-10-5-3-6-11(16)14(10)17-12-7-2-1-4-9(12)8-13(18)19/h1-7,17H,8H2,(H,18,19)","DCOPUUMXTXDBNB-UHFFFAOYSA-N","2-[2-(2,6-dichloroanilino)phenyl]acetic acid",295.016684,295.016684
"Dodecanedioic acid",12736,"C12H22O4",230.3,"C(CCCCCC(=O)O)CCCCC(=O)O","C(CCCCCC(=O)O)CCCCC(=O)O","InChI=1S/C12H22O4/c13-11(14)9-7-5-3-1-2-4-6-8-10-12(15)16/h1-10H2,(H,13,14)(H,15,16)","TVIDDXQYHWJXFK-UHFFFAOYSA-N","dodecanedioic acid",230.15180918,230.15180918
"Ecgonine",91460,"C9H15NO3",185.22,"CN1C2CCC1C(C(C2)O)C(=O)O","CN1[C@H]2CC[C@@H]1[C@H]([C@H](C2)O)C(=O)O","InChI=1S/C9H15NO3/c1-10-5-2-3-6(10)8(9(12)13)7(11)4-5/h5-8,11H,2-4H2,1H3,(H,12,13)/t5-,6+,7-,8+/m0/s1","PHMBVCPLDPDESM-FKSUSPILSA-N","(1R,2R,3S,5S)-3-hydroxy-8-methyl-8-azabicyclo[3.2.1]octane-2-carboxylic acid",185.10519334,185.10519334
"gamma-Glutamylleucine",151023,"C11H20N2O5",260.29,"CC(C)CC(C(=O)O)NC(=O)CCC(C(=O)O)N","CC(C)C[C@@H](C(=O)O)NC(=O)CC[C@@H](C(=O)O)N","InChI=1S/C11H20N2O5/c1-6(2)5-8(11(17)18)13-9(14)4-3-7(12)10(15)16/h6-8H,3-5,12H2,1-2H3,(H,13,14)(H,15,16)(H,17,18)/t7-,8-/m0/s1","MYFMARDICOWMQP-YUMQZZPRSA-N","(2S)-2-[[(4S)-4-amino-4-carboxybutanoyl]amino]-4-methylpentanoic acid",260.13722174,260.13722174
"GLUTAMIC ACID",33032,"C5H9NO4",147.13,"C(CC(=O)O)C(C(=O)O)N","C(CC(=O)O)[C@@H](C(=O)O)N","InChI=1S/C5H9NO4/c6-3(5(9)10)1-2-4(7)8/h3H,1-2,6H2,(H,7,8)(H,9,10)/t3-/m0/s1","WHUUTDBJXJRKMK-VKHMYHEASA-N","(2S)-2-aminopentanedioic acid",147.05315777,147.05315777
"GLUTAMINE",5961,"C5H10N2O3",146.14,"C(CC(=O)N)C(C(=O)O)N","C(CC(=O)N)[C@@H](C(=O)O)N","InChI=1S/C5H10N2O3/c6-3(5(9)10)1-2-4(7)8/h3H,1-2,6H2,(H2,7,8)(H,9,10)/t3-/m0/s1","ZDXPYRJPNDTMRX-VKHMYHEASA-N","(2S)-2,5-diamino-5-oxopentanoic acid",146.06914219,146.06914219
"Glycerophosphocholine",657272,"C8H20NO6P",257.22,"C[N+](C)(C)CCOP(=O)([O-])OCC(CO)O","C[N+](C)(C)CCOP(=O)([O-])OC[C@@H](CO)O","InChI=1S/C8H20NO6P/c1-9(2,3)4-5-14-16(12,13)15-7-8(11)6-10/h8,10-11H,4-7H2,1-3H3/t8-/m1/s1","SUHOQUVVVLNYQR-MRVPVSSYSA-N","[(2R)-2,3-dihydroxypropyl] 2-(trimethylazaniumyl)ethyl phosphate",257.10282436,257.10282436
"Hexadecanedioic acid",10459,"C16H30O4",286.41,"C(CCCCCCCC(=O)O)CCCCCCC(=O)O","C(CCCCCCCC(=O)O)CCCCCCC(=O)O","InChI=1S/C16H30O4/c17-15(18)13-11-9-7-5-3-1-2-4-6-8-10-12-14-16(19)20/h1-14H2,(H,17,18)(H,19,20)","QQHJDPROMQRDLA-UHFFFAOYSA-N","hexadecanedioic acid",286.21440943,286.21440943
"Hexaethylene glycol",17472,"C12H26O7",282.33,"C(COCCOCCOCCOCCOCCO)O","C(COCCOCCOCCOCCOCCO)O","InChI=1S/C12H26O7/c13-1-3-15-5-7-17-9-11-19-12-10-18-8-6-16-4-2-14/h13-14H,1-12H2","IIRDTKBZINWQAW-UHFFFAOYSA-N","2-[2-[2-[2-[2-(2-hydroxyethoxy)ethoxy]ethoxy]ethoxy]ethoxy]ethanol",282.16785316,282.16785316
"Hexanoyl-L-carnitine",3246938,"C13H25NO4",259.34,"CCCCCC(=O)OC(CC(=O)[O-])C[N+](C)(C)C","CCCCCC(=O)O[C@H](CC(=O)[O-])C[N+](C)(C)C","InChI=1S/C13H25NO4/c1-5-6-7-8-13(17)18-11(9-12(15)16)10-14(2,3)4/h11H,5-10H2,1-4H3/t11-/m1/s1","VVPRQWTYSNDTEA-LLVKDONJSA-N","(3R)-3-hexanoyloxy-4-(trimethylazaniumyl)butanoate",259.17835828,259.17835828
"Hippuric acid, methyl ester",14566,"C10H11NO3",193.2,"COC(=O)CNC(=O)C1=CC=CC=C1","COC(=O)CNC(=O)C1=CC=CC=C1","InChI=1S/C10H11NO3/c1-14-9(12)7-11-10(13)8-5-3-2-4-6-8/h2-6H,7H2,1H3,(H,11,13)","XTKVNQKOTKPCKM-UHFFFAOYSA-N","methyl 2-benzamidoacetate",193.07389321,193.07389321
"hyocholic acid",92805,"C24H40O5",408.6,"CC(CCC(=O)O)C1CCC2C1(CCC3C2C(C(C4C3(CCC(C4)O)C)O)O)C","C[C@H](CCC(=O)O)[C@H]1CC[C@@H]2[C@@]1(CC[C@H]3[C@H]2[C@@H]([C@@H]([C@H]4[C@@]3(CC[C@H](C4)O)C)O)O)C","InChI=1S/C24H40O5/c1-13(4-7-19(26)27)15-5-6-16-20-17(9-11-23(15,16)2)24(3)10-8-14(25)12-18(24)21(28)22(20)29/h13-18,20-22,25,28-29H,4-12H2,1-3H3,(H,26,27)/t13-,14-,15-,16+,17+,18+,20+,21-,22+,23-,24-/m1/s1","DKPMWHFRUGMUKF-KWXDGCAGSA-N","(4R)-4-[(3R,5R,6R,7S,8S,9S,10R,13R,14S,17R)-3,6,7-trihydroxy-10,13-dimethyl-2,3,4,5,6,7,8,9,11,12,14,15,16,17-tetradecahydro-1H-cyclopenta[a]phenanthren-17-yl]pentanoic acid",408.28757437,408.28757437
"Ile-Asp-Arg",145456076,"C16H30N6O6",402.45,"CCC(C)C(C(=O)NC(CC(=O)O)C(=O)NC(CCCN=C(N)N)C(=O)O)N","CC[C@H](C)[C@@H](C(=O)N[C@@H](CC(=O)O)C(=O)N[C@@H](CCCN=C(N)N)C(=O)O)N","InChI=1S/C16H30N6O6/c1-3-8(2)12(17)14(26)22-10(7-11(23)24)13(25)21-9(15(27)28)5-4-6-20-16(18)19/h8-10,12H,3-7,17H2,1-2H3,(H,21,25)(H,22,26)(H,23,24)(H,27,28)(H4,18,19,20)/t8-,9-,10-,12-/m0/s1","UMYZBHKAVTXWIW-GMOBBJLQSA-N","(2S)-2-[[(2S)-2-[[(2S,3S)-2-amino-3-methylpentanoyl]amino]-3-carboxypropanoyl]amino]-5-(diaminomethylideneamino)pentanoic acid",402.2226827,402.2226827
"INDOLE",798,"C8H7N",117.15,"C1=CC=C2C(=C1)C=CN2","C1=CC=C2C(=C1)C=CN2","InChI=1S/C8H7N/c1-2-4-8-7(3-1)5-6-9-8/h1-6,9H","SIKJAQJRHWYJAI-UHFFFAOYSA-N","1H-indole",117.057849228,117.057849228
"Indole",798,"C8H7N",117.15,"C1=CC=C2C(=C1)C=CN2","C1=CC=C2C(=C1)C=CN2","InChI=1S/C8H7N/c1-2-4-8-7(3-1)5-6-9-8/h1-6,9H","SIKJAQJRHWYJAI-UHFFFAOYSA-N","1H-indole",117.057849228,117.057849228
"Jasmonic Acid",5281166,"C12H18O3",210.27,"CCC=CCC1C(CCC1=O)CC(=O)O","CC/C=C\C[C@@H]1[C@H](CCC1=O)CC(=O)O","InChI=1S/C12H18O3/c1-2-3-4-5-10-9(8-12(14)15)6-7-11(10)13/h3-4,9-10H,2,5-8H2,1H3,(H,14,15)/b4-3-/t9-,10-/m1/s1","ZNJFBWYDHIGLCU-HWKXXFMVSA-N","2-[(1R,2R)-3-oxo-2-[(Z)-pent-2-enyl]cyclopentyl]acetic acid",210.125594432,210.125594432
"L-Carnitine",10917,"C7H15NO3",161.2,"C[N+](C)(C)CC(CC(=O)[O-])O","C[N+](C)(C)C[C@@H](CC(=O)[O-])O","InChI=1S/C7H15NO3/c1-8(2,3)5-6(9)4-7(10)11/h6,9H,4-5H2,1-3H3/t6-/m1/s1","PHIQHXFUZVPYII-ZCFIWIBFSA-N","(3R)-3-hydroxy-4-(trimethylazaniumyl)butanoate",161.10519334,161.10519334
"L-Carnosine",439224,"C9H14N4O3",226.23,"C1=C(NC=N1)CC(C(=O)O)NC(=O)CCN","C1=C(NC=N1)C[C@@H](C(=O)O)NC(=O)CCN","InChI=1S/C9H14N4O3/c10-2-1-8(14)13-7(9(15)16)3-6-4-11-5-12-6/h4-5,7H,1-3,10H2,(H,11,12)(H,13,14)(H,15,16)/t7-/m0/s1","CQOVPNPJLQNMDC-ZETCQYMHSA-N","(2S)-2-(3-aminopropanoylamino)-3-(1H-imidazol-5-yl)propanoic acid",226.10659032,226.10659032
"Leu-Val",6993116,"C11H22N2O3",230.3,"CC(C)CC(C(=O)NC(C(C)C)C(=O)O)N","CC(C)C[C@@H](C(=O)N[C@@H](C(C)C)C(=O)O)N","InChI=1S/C11H22N2O3/c1-6(2)5-8(12)10(14)13-9(7(3)4)11(15)16/h6-9H,5,12H2,1-4H3,(H,13,14)(H,15,16)/t8-,9-/m0/s1","MDSUKZSLOATHMH-IUCAKERBSA-N","(2S)-2-[[(2S)-2-amino-4-methylpentanoyl]amino]-3-methylbutanoic acid",230.16304257,230.16304257
"L-Glutamine",5961,"C5H10N2O3",146.14,"C(CC(=O)N)C(C(=O)O)N","C(CC(=O)N)[C@@H](C(=O)O)N","InChI=1S/C5H10N2O3/c6-3(5(9)10)1-2-4(7)8/h3H,1-2,6H2,(H2,7,8)(H,9,10)/t3-/m0/s1","ZDXPYRJPNDTMRX-VKHMYHEASA-N","(2S)-2,5-diamino-5-oxopentanoic acid",146.06914219,146.06914219
"L-Isoleucine",6306,"C6H13NO2",131.17,"CCC(C)C(C(=O)O)N","CC[C@H](C)[C@@H](C(=O)O)N","InChI=1S/C6H13NO2/c1-3-4(2)5(7)6(8)9/h4-5H,3,7H2,1-2H3,(H,8,9)/t4-,5-/m0/s1","AGPKZVBTJJNPAG-WHFBIAKZSA-N","(2S,3S)-2-amino-3-methylpentanoic acid",131.094628657,131.094628657
"Myristoleic acid",5281119,"C14H26O2",226.35,"CCCCC=CCCCCCCCC(=O)O","CCCC/C=C\CCCCCCCC(=O)O","InChI=1S/C14H26O2/c1-2-3-4-5-6-7-8-9-10-11-12-13-14(15)16/h5-6H,2-4,7-13H2,1H3,(H,15,16)/b6-5-","YWWVWXASSLXJHU-WAYWQWQTSA-N","(Z)-tetradec-9-enoic acid",226.193280068,226.193280068
"N-.alpha.-(tert-Butoxycarbonyl)-L-histidine",87308,"C11H17N3O4",255.27,"CC(C)(C)OC(=O)NC(CC1=CN=CN1)C(=O)O","CC(C)(C)OC(=O)N[C@@H](CC1=CN=CN1)C(=O)O","InChI=1S/C11H17N3O4/c1-11(2,3)18-10(17)14-8(9(15)16)4-7-5-12-6-13-7/h5-6,8H,4H2,1-3H3,(H,12,13)(H,14,17)(H,15,16)/t8-/m0/s1","AYMLQYFMYHISQO-QMMMGPOBSA-N","(2S)-3-(1H-imidazol-5-yl)-2-[(2-methylpropan-2-yl)oxycarbonylamino]propanoic acid",255.12190603,255.12190603
"N-Acetyl-L-tyrosine ethyl ester",13289,"C13H17NO4",251.28,"CCOC(=O)C(CC1=CC=C(C=C1)O)NC(=O)C","CCOC(=O)[C@H](CC1=CC=C(C=C1)O)NC(=O)C","InChI=1S/C13H17NO4/c1-3-18-13(17)12(14-9(2)15)8-10-4-6-11(16)7-5-10/h4-7,12,16H,3,8H2,1-2H3,(H,14,15)/t12-/m0/s1","SKAWDTAMLOJQNK-LBPRGKRZSA-N","ethyl (2S)-2-acetamido-3-(4-hydroxyphenyl)propanoate",251.11575802,251.11575802
"Oleamide",5283387,"C18H35NO",281.5,"CCCCCCCCC=CCCCCCCCC(=O)N","CCCCCCCC/C=C\CCCCCCCC(=O)N","InChI=1S/C18H35NO/c1-2-3-4-5-6-7-8-9-10-11-12-13-14-15-16-17-18(19)20/h9-10H,2-8,11-17H2,1H3,(H2,19,20)/b10-9-","FATBGEAMYMYZAF-KTKRTIGZSA-N","(Z)-octadec-9-enamide",281.27186474,281.27186474
"Oleoyl ethylamide",44270319,"C20H39NO",309.5,"CCCCCCCCC=CCCCCCCCC(=O)NCC","CCCCCCCC/C=C\CCCCCCCC(=O)NCC","InChI=1S/C20H39NO/c1-3-5-6-7-8-9-10-11-12-13-14-15-16-17-18-19-20(22)21-4-2/h11-12H,3-10,13-19H2,1-2H3,(H,21,22)/b12-11-","JZJYYCFYGXPUMF-QXMHVHEDSA-N","(Z)-N-ethyloctadec-9-enamide",309.303164868,309.303164868
"p-Acetaminobenzaldehyde",73942,"C9H9NO2",163.17,"CC(=O)NC1=CC=C(C=C1)C=O","CC(=O)NC1=CC=C(C=C1)C=O","InChI=1S/C9H9NO2/c1-7(12)10-9-4-2-8(6-11)3-5-9/h2-6H,1H3,(H,10,12)","SKLUWKYNZNXSLX-UHFFFAOYSA-N","N-(4-formylphenyl)acetamide",163.06332853,163.06332853
"Palmitamide",69421,"C16H33NO",255.44,"CCCCCCCCCCCCCCCC(=O)N","CCCCCCCCCCCCCCCC(=O)N","InChI=1S/C16H33NO/c1-2-3-4-5-6-7-8-9-10-11-12-13-14-15-16(17)18/h2-15H2,1H3,(H2,17,18)","HSEMFIZWXHQJAE-UHFFFAOYSA-N","hexadecanamide",255.256214676,255.256214676
"Palmitic acid alkyne",127256,"C16H28O2",252.39,"C#CCCCCCCCCCCCCCC(=O)O","C#CCCCCCCCCCCCCCC(=O)O","InChI=1S/C16H28O2/c1-2-3-4-5-6-7-8-9-10-11-12-13-14-15-16(17)18/h1H,3-15H2,(H,17,18)","PUZGUNYANHPRKM-UHFFFAOYSA-N","hexadec-15-ynoic acid",252.208930132,252.208930132
"PARAXANTHINE",4687,"C7H8N4O2",180.16,"CN1C=NC2=C1C(=O)N(C(=O)N2)C","CN1C=NC2=C1C(=O)N(C(=O)N2)C","InChI=1S/C7H8N4O2/c1-10-3-8-5-4(10)6(12)11(2)7(13)9-5/h3H,1-2H3,(H,9,13)","QUNWUDVFRNGTCO-UHFFFAOYSA-N","1,7-dimethyl-3H-purine-2,6-dione",180.06472551,180.06472551
"Sambucinol",5459101,"C15H22O4",266.33,"CC1=CC23C(CC1)(C4(CC(C(C4(O2)CO)O3)O)C)C","CC1=C[C@]23[C@](CC1)([C@]4(C[C@@H]([C@H]([C@]4(O2)CO)O3)O)C)C","InChI=1S/C15H22O4/c1-9-4-5-12(2)13(3)7-10(17)11-14(13,8-16)19-15(12,6-9)18-11/h6,10-11,16-17H,4-5,7-8H2,1-3H3/t10-,11+,12+,13+,14+,15+/m0/s1","GFLMBFRNOPTZDK-CMBQYIQPSA-N","(1R,6R,7R,9S,10R,11R)-11-(hydroxymethyl)-3,6,7-trimethyl-12,13-dioxatetracyclo[8.2.1.01,6.07,11]tridec-2-en-9-ol",266.15180918,266.15180918
"serine",5951,"C3H7NO3",105.09,"C(C(C(=O)O)N)O","C([C@@H](C(=O)O)N)O","InChI=1S/C3H7NO3/c4-2(1-5)3(6)7/h2,5H,1,4H2,(H,6,7)/t2-/m0/s1","MTCFGRXMJLQNBG-REOHCLBHSA-N","(2S)-2-amino-3-hydroxypropanoic acid",105.042593085,105.042593085
"Stearamide",31292,"C18H37NO",283.5,"CCCCCCCCCCCCCCCCCC(=O)N","CCCCCCCCCCCCCCCCCC(=O)N","InChI=1S/C18H37NO/c1-2-3-4-5-6-7-8-9-10-11-12-13-14-15-16-17-18(19)20/h2-17H2,1H3,(H2,19,20)","LYRFLYHAGKPMFH-UHFFFAOYSA-N","octadecanamide",283.287514804,283.287514804
"Stearoyl-L-carnitine",3006797,"C25H50NO4+",428.7,"CCCCCCCCCCCCCCCCCC(=O)OC(CC(=O)O)C[N+](C)(C)C","CCCCCCCCCCCCCCCCCC(=O)O[C@H](CC(=O)O)C[N+](C)(C)C","InChI=1S/C25H49NO4/c1-5-6-7-8-9-10-11-12-13-14-15-16-17-18-19-20-25(29)30-23(21-24(27)28)22-26(2,3)4/h23H,5-22H2,1-4H3/p+1/t23-/m1/s1","FNPHNLNTJNMAEE-HSZRJFAPSA-O","[(2R)-3-carboxy-2-octadecanoyloxypropyl]-trimethylazanium",428.37398408,428.37398408
"Suberic acid",10457,"C8H14O4",174.19,"C(CCCC(=O)O)CCC(=O)O","C(CCCC(=O)O)CCC(=O)O","InChI=1S/C8H14O4/c9-7(10)5-3-1-2-4-6-8(11)12/h1-6H2,(H,9,10)(H,11,12)","TYFQFVWCELRYAO-UHFFFAOYSA-N","octanedioic acid",174.08920892,174.08920892
"Sucrose",5988,"C12H22O11",342.3,"C(C1C(C(C(C(O1)OC2(C(C(C(O2)CO)O)O)CO)O)O)O)O","C([C@@H]1[C@H]([C@@H]([C@H]([C@H](O1)O[C@]2([C@H]([C@@H]([C@H](O2)CO)O)O)CO)O)O)O)O","InChI=1S/C12H22O11/c13-1-4-6(16)8(18)9(19)11(21-4)23-12(3-15)10(20)7(17)5(2-14)22-12/h4-11,13-20H,1-3H2/t4-,5-,6-,7-,8+,9-,10+,11-,12+/m1/s1","CZMRCDWAGMRECN-UGDNZRGBSA-N","(2R,3R,4S,5S,6R)-2-[(2S,3S,4S,5R)-3,4-dihydroxy-2,5-bis(hydroxymethyl)oxolan-2-yl]oxy-6-(hydroxymethyl)oxane-3,4,5-triol",342.11621151,342.11621151
"sulochrin",160505,"C17H16O7",332.3,"CC1=CC(=C(C(=C1)O)C(=O)C2=C(C=C(C=C2OC)O)C(=O)OC)O","CC1=CC(=C(C(=C1)O)C(=O)C2=C(C=C(C=C2OC)O)C(=O)OC)O","InChI=1S/C17H16O7/c1-8-4-11(19)15(12(20)5-8)16(21)14-10(17(22)24-3)6-9(18)7-13(14)23-2/h4-7,18-20H,1-3H3","YJRLSCDUYLRBIZ-UHFFFAOYSA-N","methyl 2-(2,6-dihydroxy-4-methylbenzoyl)-5-hydroxy-3-methoxybenzoate",332.08960285,332.08960285
"Tetradecanedioic acid",13185,"C14H26O4",258.35,"C(CCCCCCC(=O)O)CCCCCC(=O)O","C(CCCCCCC(=O)O)CCCCCC(=O)O","InChI=1S/C14H26O4/c15-13(16)11-9-7-5-3-1-2-4-6-8-10-12-14(17)18/h1-12H2,(H,15,16)(H,17,18)","HQHCYKULIHKCEB-UHFFFAOYSA-N","tetradecanedioic acid",258.18310931,258.18310931
"trans-4-(Aminomethyl)cyclohexanecarboxylic acid",5526,"C8H15NO2",157.21,"C1CC(CCC1CN)C(=O)O","C1CC(CCC1CN)C(=O)O","InChI=1S/C8H15NO2/c9-5-6-1-3-7(4-2-6)8(10)11/h6-7H,1-5,9H2,(H,10,11)","GYDJEQRTZSCIOI-UHFFFAOYSA-N","4-(aminomethyl)cyclohexane-1-carboxylic acid",157.110278721,157.110278721
